mrna_id,Pfs1,Pfs10,Pfs11,Pfs12,Pfs13,Pfs14,Pfs15,Pfs16,Pfs2,Pfs3,Pfs4,Pfs5,Pfs6,Pfs7,Pfs8,Pfs9
0002af31-b574-4b96-b942-b78a19cf20c3,0,0,0,0,0,0,0,0,0,0,0,0,0,0,0,0
006c6862-aaa3-435d-82ca-052cd37976dd,0,0,0,0,0,0,0,1,0,0,0,0,0,0,0,0
007037d5-2cc8-40ce-8cda-7c2499177a04,0,1,1,1,0,1,0,0,0,0,0,1,0,1,1,1
009ab7fa-64ad-4706-81c1-202d47c78a26,0,0,0,0,1,0,1,0,1,0,1,1,1,1,0,1
0182b31a-9f05-4237-ad52-126674f3e8ab,0,0,0,0,0,0,0,0,0,0,0,0,0,0,0,0
01ccba92-96a3-44de-929b-9d00ef533387,0,0,1,0,1,0,1,1,0,0,1,1,1,0,0,1
027226a9-6caf-4e2d-a85c-cf68b4866c45,0,0,1,1,1,1,1,0,0,0,1,1,1,0,0,0
02cd6dc4-0657-4d91-bbe9-c5a95de3a7f1,0,1,1,0,1,0,1,0,0,0,0,1,0,0,0,1
032767df-5308-43bf-8b1f-26a3c7cf4791,1,1,0,0,1,0,1,0,0,0,1,0,1,0,1,1
033ffbb3-ada8-4d36-80b8-098e8eaf3b7b,0,0,1,1,1,1,0,1,0,0,0,0,0,0,0,1
0470d8ab-a104-4dab-b18f-3a3ba4df144e,0,0,0,0,0,0,0,1,0,0,1,1,1,0,0,1
04df1ab8-8f32-4a44-9a96-47cbd40f3ea4,1,0,1,0,0,0,0,0,1,0,0,0,0,0,0,0
063abbfb-9f30-4921-8aa5-df269d39afae,0,0,1,0,1,0,1,0,0,0,1,0,1,0,1,0
0659f376-edd5-4328-822a-a4664acbd64a,0,0,0,1,1,1,0,0,0,0,0,0,0,0,0,0
0694dde4-7ddf-4aa6-97ce-fa2cbf75761b,0,0,1,0,0,0,0,0,0,0,1,0,1,0,1,0
06fa8656-4f6a-48aa-a7a1-8c38e1da7328,0,0,0,1,1,1,1,1,0,0,0,1,0,0,0,1
07ca2bf2-9203-4592-b722-ff41eb2d2179,0,1,0,0,0,0,1,0,0,0,1,0,1,0,1,1
07df619e-d030-4d8d-a2d3-03602b9ac52f,1,1,1,0,0,0,1,0,0,0,1,0,1,1,1,0
07e27e38-3602-450a-a1ef-7d8dbab5cdcd,1,1,0,0,0,0,0,1,0,0,0,1,0,1,1,0
097be3aa-63e3-462d-a60b-c3bf2ca0717b,1,0,0,1,0,1,0,0,0,1,0,0,1,0,0,0
0a042fb1-2c3f-4dab-9fa2-d5d7244ddeb8,0,0,1,0,1,0,0,0,0,0,0,1,0,0,1,1
0a99dfad-eed7-4a3f-aec5-42e29689b214,0,0,1,1,0,1,0,1,0,0,1,0,1,0,1,1
0b1b16c6-50d3-44e5-b315-bbd16a306e95,0,0,1,0,0,0,0,0,0,0,0,1,1,0,0,1
0b35f5c7-843e-4e77-bcf1-1d638b175d51,1,1,0,0,0,0,0,0,0,0,0,0,0,0,0,0
0bb9910d-9194-4f81-b6c4-cf2726c676a0,0,0,0,0,0,0,0,0,0,0,0,1,0,0,0,1
0d0165da-50ad-4e49-9bb8-1b0080c0c7c2,0,0,1,0,0,0,0,0,1,0,0,0,0,1,0,0
0d177589-f5cd-4bbe-8546-d07658da9486,1,0,1,0,1,0,1,1,0,0,1,1,1,0,0,0
0d4078a1-8486-4a28-925d-b817aee5061c,0,0,0,0,0,0,0,0,0,0,0,0,0,0,0,0
0dd7a661-319d-4724-8a2d-753822c4a2f7,0,0,0,1,1,1,1,1,0,0,0,0,1,1,0,1
0ed25e6e-4c07-4fa4-a615-4089698dd01e,0,0,0,1,1,1,0,1,0,0,1,1,1,0,1,0
0ed4c7c1-4b56-4cb8-8869-145b5201672b,1,1,1,0,0,0,0,0,1,0,1,1,1,0,0,1
0f12513c-3ceb-4e87-9145-2fed54e68296,0,0,0,0,0,0,0,0,0,0,0,0,0,0,0,0
100ce767-84d1-4ef3-add6-57417488ed9b,0,1,1,0,1,0,0,1,0,0,0,0,0,1,1,1
10e3d8c6-bf07-459c-8b62-dbe865056206,0,0,1,0,1,0,0,0,0,0,1,0,1,0,0,0
11520379-2ee3-4447-b96f-d828636ee63b,0,0,0,0,0,0,0,0,0,0,0,0,0,0,0,1
1159e88b-0215-42a5-8e00-06fba0a5cb63,0,1,0,0,0,0,0,0,0,0,0,0,0,0,1,1
11705655-822a-40c4-9e40-5566c1630fb8,0,0,0,0,0,0,0,0,0,0,0,0,0,0,0,0
11802fe1-a64a-4577-88a3-0a19cadffb4c,0,0,1,1,1,1,0,0,0,0,0,0,0,0,1,1
11e4dc2d-9785-4855-bbe8-d6f0452b3432,0,0,1,0,0,0,1,0,0,0,0,1,0,0,0,1
11eec66b-4b1d-450b-a2ed-b9cf316a8495,0,0,0,0,0,0,0,0,0,0,0,0,0,0,0,0
12c65d36-9e09-4d89-ab15-586f581224e5,0,0,0,0,0,0,0,0,0,0,0,0,0,0,0,0
130004d9-4762-42b0-9ae2-2bf516a9bd7a,1,1,1,0,1,0,1,1,0,1,0,1,0,0,0,0
134340a8-b18f-4581-914a-90b2895c7155,0,0,1,0,0,0,1,1,0,1,0,1,0,1,0,0
137cdb4e-9bc1-483a-9500-3891dd14776f,0,0,1,0,0,0,1,1,0,0,1,0,1,0,1,0
14375607-ee47-4214-9c0a-f4727a1c2276,0,0,1,0,0,0,1,0,0,0,1,1,1,0,1,1
1509f907-bd26-44e7-8524-0827d55c87ad,0,1,1,0,0,0,1,0,0,0,1,1,1,1,0,1
15d87757-927a-4213-a773-5f6ebcd206dc,0,0,0,0,0,0,0,0,0,0,1,0,1,0,1,1
15e4bd29-f430-4600-911b-c0b68ec9c330,0,0,0,0,0,0,0,0,0,0,0,0,0,0,0,0
16879e91-f4c3-4f0d-ae6e-c3d4026ee9e0,0,0,0,0,0,0,0,0,0,0,0,1,0,0,0,1
16c00190-9fe2-4d62-b233-1dfbe0422fb3,0,0,0,0,0,0,0,0,0,0,1,0,1,0,1,1
16c142c4-3a71-460a-a93f-d9d38007d281,0,0,0,0,0,0,1,0,0,0,1,0,1,0,1,0
16f36bd6-96e8-4bde-807a-c7fe5a4f6419,0,0,0,0,0,0,0,0,0,0,0,0,0,0,0,0
16f7df72-fdb7-4d7e-90db-2ae8ed6a1000,0,0,0,0,0,0,0,1,0,0,1,1,1,0,0,1
174d90df-c1d8-42a8-aefd-187cda99a3e5,1,0,0,0,0,0,0,1,0,0,0,0,0,0,1,0
180f69f9-a26c-4e5d-becb-4080d663cba9,0,0,1,1,1,1,0,0,0,0,0,0,0,0,0,0
182a72c4-1ef7-4f45-8990-bc7170b5ae27,0,0,0,0,0,0,1,0,0,0,1,0,1,0,0,0
185b97fc-772a-41dc-b424-ef2af805e669,0,0,1,1,0,0,0,0,0,0,0,0,1,0,1,1
18702d78-c102-40ac-bff8-d1c28be587bf,0,1,1,0,1,0,1,1,0,0,0,1,0,0,0,1
18c8fc88-4cb4-4fbc-92b2-187a62fbd480,0,1,1,0,0,0,0,1,0,0,1,1,1,0,1,0
1914006c-0986-4f56-a2b8-fa4e6a777e76,1,1,1,1,1,0,0,0,0,0,1,0,1,1,0,0
199b75b8-957b-48c9-803d-615c30620751,0,0,1,0,0,0,1,1,0,0,0,0,1,0,0,0
1a674574-a29e-46cd-a0c1-9bf316c76ad8,0,0,1,0,0,0,0,1,0,0,1,0,1,1,1,0
1a881b05-56f4-4798-bb56-d8b68bc1642d,0,1,0,1,0,1,1,0,1,0,1,1,0,0,0,0
1a90348e-a4c8-4f1d-9852-353daf817c85,0,1,0,0,0,0,0,0,0,0,1,1,1,1,0,0
1afbcaa3-7cd4-4ed3-912e-7c3c4cf8174e,0,0,0,0,0,0,1,1,0,0,1,1,1,1,1,0
1b10edd3-347a-4cfa-9319-f425a8060b77,0,0,0,0,0,0,0,0,0,0,0,0,0,0,0,0
1b4fdd6e-6e57-440c-b19f-713cc6c2d8b8,0,1,1,0,0,1,1,1,0,0,1,1,0,1,0,0
1bf10a05-a3df-47b8-8e18-9db0176bd22a,0,0,0,1,0,1,0,1,0,0,1,1,1,1,0,1
1c73fed7-0479-4a6b-b4df-4db862987cf7,0,1,0,0,0,0,1,1,0,0,1,1,1,1,1,0
1ce2b893-e2e0-47ca-afbe-5016b029eef6,0,1,0,0,0,0,1,0,0,0,0,0,0,1,0,0
1d1a5c61-8f55-4c83-afb1-242f1c3a5f07,0,0,0,0,1,0,1,0,0,0,1,1,1,0,1,1
1d329f13-fee6-410c-96da-3e29b290d00f,0,0,1,0,1,0,0,1,0,0,1,0,1,0,1,0
1dd8220d-3f79-4993-bd50-c263c78c7f0f,0,1,1,0,1,0,0,1,0,0,1,1,1,0,1,0
1e52cc17-33f8-4787-9980-70eea99af9af,0,0,0,1,1,1,0,1,0,0,0,0,0,0,0,1
1e94468f-8c3e-4137-a957-92ddbbf3a0f3,1,0,1,0,0,0,0,1,0,0,1,0,1,1,0,1
1f1d1aa0-16b5-49c2-8050-6bbacffae1cf,0,1,1,0,0,0,1,1,0,1,0,1,0,0,0,0
1ffbb278-649c-40b7-b5d9-f56474dd555c,0,1,1,0,1,0,1,0,0,0,1,0,1,1,0,0
20572100-894a-45eb-a4c2-59afd2798c28,0,0,1,0,0,0,1,0,0,0,0,1,0,0,0,1
22d810b7-43fe-4ac0-9266-27a421b797e0,1,0,0,0,0,0,1,0,0,0,1,1,0,0,1,0
2328fbc8-8c85-4e7b-a11a-1f2fc1875ea3,0,0,1,0,0,0,1,1,0,0,1,1,1,1,0,0
23790464-866a-4a16-9fb8-6bc9c868c157,0,1,0,0,0,0,0,0,0,0,0,1,0,0,1,0
24420678-e7a8-4e0c-bfae-c3b5008ece39,0,0,1,1,1,1,0,0,0,0,0,1,0,1,1,1
2524ceab-e2aa-4dcb-9e28-abb24ed1d551,0,0,0,0,0,0,1,0,0,0,1,1,1,1,0,0
26156ed3-ca75-4517-9115-6ed37521cff7,0,1,1,0,1,0,1,1,0,0,0,1,0,0,0,1
265fc564-b369-4d07-b11d-ebf07c61f8e9,0,0,0,0,0,0,0,0,0,0,0,0,0,0,0,0
27b7e0c4-a1e6-46ec-bc8f-844161c1d6ed,0,0,0,0,0,0,0,0,0,0,0,0,0,0,0,0
27ce960c-6ca0-4022-8e5e-cc9c43baaa9f,0,0,0,0,0,0,0,0,0,0,1,1,1,0,0,0
28ccca7b-8fdd-47d4-9657-d0477940d46f,0,0,1,0,1,0,1,0,0,0,0,1,1,0,1,1
28e942b0-e39c-450f-b021-71b03f445fe7,0,1,0,1,0,1,1,1,0,0,0,0,1,1,1,0
290ca234-3d9f-4ff6-a4fa-b25172abc593,1,0,1,1,0,1,1,1,0,0,1,0,0,0,1,0
2939d487-43ec-47af-a317-cfeafca4871a,0,1,1,1,0,1,1,0,0,0,0,1,0,0,1,0
294263fd-151f-4e57-84a7-2a3b3d748c9b,0,0,1,0,0,0,1,0,0,0,0,1,1,1,1,1
298212b7-071e-40b2-bf86-98f68246f6ca,0,0,0,0,1,0,0,0,0,0,0,0,0,0,0,0
2999a284-6399-4a0b-9a9f-dc52346bf448,0,0,1,1,1,1,0,1,0,0,0,0,0,1,1,0
29be4352-e884-4b75-910c-0113194bd821,1,0,1,0,0,0,1,0,1,0,1,1,1,0,0,0
2b93c237-fe8d-4d35-bfba-bcdb5a18cb06,0,1,1,0,0,0,1,0,0,0,0,1,0,1,1,1
2caf3ee6-b488-4630-b575-a8218c498f63,0,0,1,1,1,0,1,1,0,0,0,1,0,0,0,1
2cf0e9e0-b00b-4736-9a3a-24d2c8b956ed,1,0,0,0,1,0,0,0,0,0,0,1,0,0,1,0
2dd8ce74-dce9-4df7-aa26-5dd75c2eb042,1,0,1,0,1,0,1,0,0,0,0,1,0,0,1,0
2e57db0b-70cb-4b5b-a9ac-8a9e7582c590,0,0,1,0,1,0,0,1,0,0,0,0,0,0,1,0
302916af-7774-44bf-8fe1-a957645f7f33,0,1,1,0,0,0,0,0,0,0,1,1,0,0,0,0
307cf040-915b-4e14-871f-408ee40195c0,0,0,0,0,1,0,1,0,0,0,1,1,1,0,1,0
316bf54a-8bd2-48e4-ace4-e1baa47447bb,0,0,0,0,1,0,0,0,0,0,1,0,1,0,1,0
319ea6d0-221d-4bfd-881a-74c9088cd756,0,1,0,1,0,0,1,0,1,0,0,0,1,1,1,0
32b9a4ff-bc02-4812-b21a-4c9655c2e2b1,0,0,0,0,0,0,0,0,0,0,0,1,0,0,1,1
32d7db0c-6fb1-436b-9578-dc4085b50b71,0,0,0,0,0,0,0,0,0,0,1,0,1,0,0,1
32d9e535-c55e-4e80-bd95-a674a085d418,0,0,0,1,1,1,0,1,0,0,1,1,1,0,1,0
33075246-569c-49c6-bc2c-8211d46870b1,0,0,0,0,1,0,1,1,0,0,1,1,1,0,1,1
3336feb3-f380-4ab2-ba25-bea87be46114,0,0,1,0,0,0,0,0,0,0,0,0,0,0,0,0
34314b21-2ddb-4417-80fa-8287931665b4,1,1,0,1,0,0,1,0,1,1,0,0,1,0,1,0
35210663-2196-49d8-851a-ef37208950fe,0,1,0,0,0,0,0,0,0,0,1,0,1,1,0,0
353eea5b-5829-4578-b091-27450d1598a5,0,0,1,1,0,0,0,1,0,0,0,0,0,0,0,1
35a77147-287b-4363-b0d6-6ded88838d9d,0,1,0,0,0,0,1,0,0,0,0,1,0,0,1,0
35adb63e-e13f-4f5f-8c0f-4c9a9f91be73,0,0,0,1,1,1,0,1,0,0,0,1,0,1,0,0
35b20c77-b911-437c-9e48-769144dfa005,0,0,0,1,1,1,1,0,0,1,0,0,0,0,1,1
35c3822c-b809-4ed6-8836-23d96f0062e4,0,1,1,0,1,0,1,1,0,0,1,1,1,0,0,0
362ba01d-eb2b-4603-bb6e-4769631ecc76,0,0,1,0,1,0,1,0,0,0,0,0,0,1,0,1
37933d31-8b4f-4d25-aac8-6336a026477d,0,0,0,0,0,0,1,0,0,0,0,1,0,1,1,1
37a23241-0f1f-4041-9997-5f875e3a8440,0,0,1,0,0,0,0,0,0,1,0,0,1,1,1,0
37be0d02-9bf2-4518-872a-ce1045cfcc6e,1,0,0,0,0,0,1,0,1,1,1,1,1,1,0,0
37d5bc27-4020-41ec-9d10-20da31160d56,0,1,1,1,1,0,0,0,0,0,0,0,1,1,1,1
39ada56b-ea1d-4e45-b0c2-8f67ae5b53a9,1,1,1,0,1,0,1,0,0,0,0,1,0,1,1,0
3a2fa447-b955-464c-ba3d-516e9082085b,0,0,0,0,0,0,0,1,0,0,1,1,1,0,0,0
3aa29107-3746-433f-ae51-ca2f49a39427,0,0,1,0,0,0,0,1,0,0,1,0,1,0,0,1
3aa8ae5d-59ab-4970-8e0d-164e9f5df250,0,0,1,1,0,1,0,1,0,0,0,1,0,0,1,1
3ae12a58-f3d1-41e3-864f-32dc8fc4931f,0,0,0,0,0,0,0,0,0,0,1,0,1,0,0,0
3b140503-45a7-481e-9281-529161de645e,0,0,1,0,0,0,1,0,0,0,1,1,1,1,1,0
3c0a6c05-7588-436b-b66c-6a640110d01c,0,0,1,0,1,0,1,0,0,0,1,1,1,0,1,1
3c47bbc8-e78f-4c63-9d2e-41c959ae9bcb,0,0,0,0,0,0,0,1,0,0,1,0,1,0,0,0
3c59f060-0d27-4dcd-99c7-ee5d80cf2a7c,0,0,0,1,1,1,0,0,0,0,1,1,1,1,0,0
3c702bbb-1d5b-4348-884d-e7a06e758208,0,0,1,0,0,0,0,0,0,0,0,0,0,0,1,1
3ce8a56a-c85a-438b-aae1-a8cedec63c2a,0,0,0,0,1,0,1,0,0,0,1,0,1,0,0,1
3d37e8a0-f5cb-4d10-8e72-2204e530e135,0,1,0,0,1,0,1,0,0,0,0,0,0,0,0,1
3e6c589b-5803-44a0-958b-1e2c383bd4cc,1,0,1,1,0,1,1,1,0,0,0,1,0,0,0,0
3e8b0754-b5ed-4bda-9484-69c85fbd8173,0,0,0,0,0,0,1,0,1,0,1,1,1,1,1,1
4052ffad-130c-4fe7-bc20-5b3f301b030b,1,1,1,0,0,1,0,0,0,0,1,1,1,0,0,0
41b868b1-0134-4ed7-83df-795841bfdde9,1,1,1,1,1,0,0,1,0,0,0,1,0,0,0,0
41e4dbe5-7197-43b8-9f2d-96c5df458e91,1,1,0,0,1,0,0,1,0,1,1,0,1,0,0,0
420cba47-ef50-4831-a898-d05cf23fb856,0,1,1,0,1,0,1,1,0,0,0,1,0,1,0,1
4228d1bc-69e3-4c19-92b0-6d20bc0da345,0,0,0,0,0,0,0,0,0,0,0,1,1,0,1,1
424eeaf6-5b21-40ef-a698-13eb9f6b26c3,1,0,0,0,1,0,0,0,0,1,0,1,0,1,1,0
429bb096-78ef-4823-bcbb-84f950d1a929,0,1,0,0,0,0,1,1,0,0,1,1,1,1,0,0
435d0bba-70d3-4778-b241-26e4051c0fff,0,0,0,0,0,0,0,1,0,0,0,0,0,0,0,1
437125cc-d62c-413f-827f-075fc8d61c81,0,0,0,0,0,0,1,1,1,0,0,1,0,0,0,0
43828e3b-f604-4f9b-a93e-ef341ec4efa5,0,1,1,0,1,0,1,1,0,0,0,1,0,1,0,0
44473463-c0d5-44ab-90ac-0bac6e228ee8,0,0,0,1,1,1,1,1,0,0,0,0,0,0,0,1
44526348-457c-4e6b-9b5b-a6d69838b5bb,0,0,0,0,0,0,1,0,0,0,0,1,0,0,0,0
456ca491-7f28-429b-be6e-91fa7a0f5577,0,1,1,0,0,0,0,1,1,0,1,1,1,0,0,1
45863b68-226b-4fd7-a4b4-02470dfd544b,0,0,0,0,0,0,1,0,0,0,1,1,1,1,0,1
459e95e3-0123-4e09-8f12-780e8043e056,0,1,1,0,1,0,1,1,0,0,1,0,1,0,0,0
4691c24b-b9be-4fdb-a490-30a57bf5817c,0,0,0,0,0,0,0,1,0,0,1,1,1,1,0,0
46af4a92-f7a9-4cd8-9e0a-d3aa25c16aa0,0,1,0,1,1,1,1,0,0,0,0,1,1,1,0,0
4770a4bc-534a-47cd-9683-ccddace4f58a,1,1,1,0,0,0,0,0,0,0,0,0,0,1,1,1
47f9aaea-6081-46d7-aad4-97216ad137e4,0,0,1,1,0,1,0,1,0,0,1,0,1,0,0,1
48477e81-30fd-4ec8-a4e6-a372fe27f8fd,0,0,1,1,0,1,0,1,0,0,1,0,1,1,0,0
487223e0-8e50-4db5-a929-98644803cad6,0,0,0,0,0,0,0,1,0,1,0,0,0,0,0,0
489ee406-a1b3-4aa2-985b-1c46cc532eab,0,0,1,0,1,0,1,1,0,0,1,1,1,1,0,0
48b210eb-c494-4d5f-9866-42ef31fc826d,1,1,0,1,1,1,1,0,0,0,0,1,0,0,1,0
48ebf2b8-5414-4752-b53d-8f7a37c2c796,0,0,0,1,1,1,1,1,0,0,0,1,0,0,0,1
4950e401-a7de-4ad0-84a6-35e88603dce4,0,0,1,0,0,1,0,0,1,1,0,1,0,0,0,0
4aa56dd7-b490-437d-902b-4f7dfc19ca9e,0,0,1,1,0,1,0,1,0,0,0,0,0,0,1,1
4b16d6e2-c5b9-4ef4-a3ec-064de1c0cb1d,0,1,0,0,1,0,1,1,0,0,0,0,1,1,0,1
4b2b05bc-7858-4b02-9419-6c04778a4308,0,0,0,0,0,0,0,0,0,0,1,0,1,0,0,0
4b734dfc-a9a5-48aa-8739-93d8f0544d80,0,0,0,0,0,0,0,0,0,0,0,0,0,0,0,0
4c0014ac-6b35-4f84-b1b7-a336554d2108,0,0,0,0,1,0,0,1,0,0,0,1,0,1,1,0
4c0e2e1e-1d73-400d-afa0-ec4bf2bcf609,0,0,1,0,1,0,0,0,0,0,1,1,1,1,0,0
4cd24420-e712-4491-923e-2bf39e888987,0,0,0,0,0,0,1,1,0,0,0,1,0,1,1,0
4ced215b-9859-4369-8edc-d91063c10d62,0,1,1,0,0,0,1,1,0,0,1,1,1,0,0,0
4d974110-f577-4e6e-81db-578292ebe769,0,0,0,1,1,1,0,0,0,0,1,0,1,1,1,0
4de69cab-202e-4b44-aff2-fd7a1ddfeaec,0,0,0,0,0,0,0,0,0,0,0,0,0,0,0,0
4eab4a67-c754-45b5-b57d-7c68e96ce68e,0,0,1,0,0,0,1,0,0,0,1,0,1,0,1,1
4ec759bf-6e7f-442e-af36-79b0f410f4c7,0,0,0,0,0,0,0,0,0,0,0,0,0,0,0,0
50659236-a589-49cb-b041-75658cb0a2ff,1,0,0,1,0,1,1,1,0,0,1,1,0,0,0,1
51439f92-c021-42e6-9f8e-ca4fe0d90c5f,0,1,0,0,0,1,0,0,0,0,1,1,1,0,0,0
52b4c65d-be0c-4ef0-aa9c-7bc9eb380771,0,1,1,0,1,0,0,1,0,0,1,0,1,0,0,1
52d183a4-4223-45fd-a29e-9101ff6fdec4,0,0,0,0,0,0,0,0,0,0,0,0,0,0,0,0
530b8adb-3e26-495b-8629-07cf3b2ec740,0,1,1,1,0,1,1,0,0,0,0,1,0,1,1,0
5378b085-9160-4567-968d-38188a097660,0,0,0,0,1,0,1,0,0,0,1,0,1,0,1,0
548c9e2c-a35e-491c-be1d-d160e2a0c596,0,1,1,0,0,0,1,0,0,0,1,1,1,1,1,0
54f0dca2-9411-4924-949a-1d457e7932d0,0,1,0,0,0,0,1,0,0,0,0,1,1,1,1,0
554da183-283f-4252-b11b-e1f35a81d60f,0,0,0,0,1,0,1,0,0,0,1,1,1,0,0,0
556c0c92-142e-46a3-9d1b-f8d8a43a9b7e,1,0,1,0,1,0,0,1,0,0,1,1,1,0,1,0
55811a97-504d-46d4-8a99-9b94642ad159,0,0,0,0,0,0,0,0,0,0,0,0,0,0,0,0
55c95ab5-f7c1-4cfe-a572-22bfaec17aa6,0,0,0,0,0,0,1,1,0,0,1,1,1,0,1,0
5640b797-db1a-4fa3-917a-82068db22db2,0,1,1,1,0,1,0,1,0,0,1,0,1,0,1,0
5655ab13-84fe-4fc4-9c48-36b7cfc9ba44,1,1,1,0,1,0,0,0,1,0,0,0,1,1,0,1
568b12a3-d85d-4f2d-8879-bdd7728f84fd,0,0,1,0,1,0,1,1,0,0,0,1,0,0,0,0
56db96bf-ce39-46f5-ab99-5583ae7392c5,0,0,1,1,0,0,1,1,0,1,1,1,0,1,0,0
5707ae78-d96a-48fa-9b33-7f3bd3bfb5d1,0,1,0,0,0,0,1,0,0,0,1,1,1,0,1,1
5728de19-cbdb-497e-9cc9-87596cc98b37,0,1,1,0,0,0,1,0,0,0,0,1,0,0,1,1
578697f6-fef7-46a3-a0c8-ce46d29bc4fb,0,0,1,0,1,0,0,0,0,1,1,1,0,0,0,0
57a2b3c9-2033-471a-8e19-fa97dc6c7371,0,0,1,0,1,0,1,0,0,0,0,1,0,0,0,0
5823363e-1e8e-4719-b324-01ac069c7945,0,1,0,0,1,0,0,1,1,1,0,0,0,1,0,0
58f901be-7695-41d8-8e44-c6a938c352f2,0,0,0,0,1,0,0,1,0,0,0,1,0,0,1,0
5ae1930e-d32e-4078-9535-c20582a4366b,1,1,0,1,0,0,0,1,1,0,1,0,0,1,1,0
5b36ad5e-c81b-4123-9036-647c783b5ab7,0,0,0,0,0,0,0,0,0,0,0,0,0,0,0,0
5c1eb3e4-b62a-4f23-8e6d-6d7cf9590910,0,0,1,0,0,0,1,0,0,0,1,0,1,1,1,1
5cf92296-59c3-4f98-aa36-4b663c60f3cb,1,0,1,0,0,0,0,0,0,1,1,1,1,0,0,0
5f148caf-dd1f-4a66-b59a-84ac5c08d314,0,0,1,0,1,0,1,1,0,0,0,1,1,0,1,1
5f4e5cad-3736-4a27-924b-5cea063a73ba,1,1,0,1,0,0,0,0,0,1,0,0,1,1,1,1
5f987f80-ae89-4611-9b4a-30be7787e70a,0,0,1,1,1,1,0,1,0,0,0,0,0,0,0,0
5ff59747-dec1-4bc0-90f0-7e9d33b37f35,0,0,0,0,0,0,0,0,0,0,0,0,0,0,0,0
6060673c-7e1f-4dc9-9ec2-940036739070,0,1,1,0,1,0,1,0,0,0,1,0,1,0,1,0
6066aeb5-0e05-4dd7-8cc6-eea486bd5cb2,0,0,0,0,0,0,0,0,0,0,0,0,0,0,0,0
6092b7ff-a8a7-48c1-9cf0-ceec76faffca,0,1,0,0,0,0,1,1,0,0,1,1,0,1,0,0
60947d55-814c-4372-ba3d-c0fcec131d7b,0,0,0,0,0,0,1,0,0,0,1,1,1,1,0,1
60c9cd88-5109-41f6-a1d5-52d799fcb928,0,0,1,0,1,0,1,0,0,1,0,1,1,1,0,1
6115ac69-2522-4dc2-885f-a3333472413f,0,1,1,0,0,0,1,1,0,0,1,0,1,1,0,1
6158a397-fdd0-4db1-bb74-89c8936bcaea,0,0,0,1,0,1,0,0,0,0,0,0,0,0,0,0
61cd8bc1-9167-461f-badd-9dcdc4de19af,0,0,1,1,1,1,0,1,0,0,0,1,0,0,1,1
61febbff-7cd6-4224-ae4e-76965649c0e7,1,1,0,1,0,0,1,0,0,1,0,0,1,0,1,1
620440a3-33ae-4ec5-8dab-088a27249792,0,1,1,0,0,0,0,1,0,0,0,1,0,0,1,1
6239d741-646a-4e97-a0a6-7b47703c0ab9,0,1,1,0,0,0,1,0,0,0,1,1,1,1,0,1
6273a5f1-007b-4a08-8df1-afd13e9c2085,0,0,1,1,1,1,0,0,0,0,0,1,0,1,1,1
6287e8c7-22d3-411d-9895-2008407b2162,0,0,0,1,1,0,0,1,0,0,1,1,1,0,1,0
62d8920d-20c7-41e7-934f-a6a092ae9951,0,0,0,0,1,0,1,0,0,1,1,1,1,1,0,0
62f1dc9e-662f-4024-87cd-e05da398592c,0,0,1,0,1,0,0,1,0,0,0,1,1,1,1,1
6349aefb-a582-48ce-9c17-edb6214708c6,0,0,0,0,0,0,0,0,0,0,0,0,0,0,0,0
639837c0-c0cb-4108-a9f4-2b74e2f95d63,0,0,0,0,1,0,1,0,0,0,0,1,0,1,0,1
64293800-ca08-4dad-bb14-dbad1db6b054,0,0,1,0,1,0,0,1,0,0,0,1,0,0,1,0
642ffe68-9e5b-4176-b2de-44d1da837346,0,0,0,0,0,0,0,0,0,0,0,0,0,0,0,0
645fe88d-135e-4563-9a91-d6257aa47c49,0,0,0,0,0,1,0,1,0,0,0,0,0,0,0,1
64ef8907-bfdf-4ecf-9cb4-b4b2c25964f3,0,0,1,1,0,1,0,1,0,0,0,1,0,1,0,1
652041bb-f585-4987-a05e-fd5be0fa18fb,1,0,1,0,0,0,0,0,0,1,0,1,0,0,0,0
65728a56-1014-427e-8761-ee182b16445e,0,1,1,1,0,1,1,1,0,0,0,0,0,1,0,0
658882c4-1d0b-4347-a446-8ded1dd5bbdf,0,0,1,1,0,1,0,0,0,0,1,0,1,1,1,1
66041c96-8557-42c6-9287-7dbbc10877e3,0,1,0,0,0,0,0,0,0,0,0,0,0,0,0,0
660f6c72-ce63-4070-91d6-e2b09a530208,0,1,1,0,1,0,0,0,0,0,0,0,0,1,0,0
672468fd-6fa7-4814-b744-06243f50585a,0,1,1,1,0,1,0,1,0,0,1,1,1,0,0,0
6724e2ab-4922-4d46-9007-53b1531488bd,0,1,1,0,1,0,0,0,0,0,0,1,0,1,0,0
675f0c7f-1d57-4e82-8565-5fd4e3d2fa7e,0,0,1,0,0,0,1,0,0,1,1,1,1,0,0,0
6806b476-3651-4705-83a4-43b252d9a9c1,0,0,1,0,0,0,1,0,1,0,1,0,1,0,0,1
688b56fa-cdeb-4618-a779-72ebd050c058,0,0,1,1,0,0,0,0,0,0,1,0,1,1,0,1
6952a2d3-554e-4438-920f-37de0ea2d079,1,0,1,0,0,0,1,1,0,0,0,1,0,1,0,1
6a0349c3-1ca5-4440-a877-8fcdefd21a24,1,0,0,1,1,1,0,0,1,0,1,1,1,0,0,0
6a2c5f9f-4861-4b4b-a23d-4dbfb825c917,0,1,1,0,0,0,0,1,0,0,0,1,0,1,1,1
6be051e1-1a1b-45c9-ad65-47d4ee09e660,0,1,1,0,0,0,1,1,0,0,0,1,0,1,0,1
6be19f6c-6c11-4d09-afa4-105b8d57ae7b,0,0,0,1,1,1,1,0,0,1,0,1,1,0,0,1
6c34cd61-4c62-44a9-a496-0a574810c111,0,0,0,0,0,0,0,0,0,0,0,1,0,1,0,0
6c565b1b-3a01-47dd-8585-1cf250759bfa,0,1,0,1,0,1,0,0,0,0,1,1,1,0,1,0
6c967cf0-1478-488b-9885-82cf754a7b90,0,0,1,1,0,1,0,0,0,0,1,1,1,0,1,1
6ccd9c7c-9ca8-44c1-a58d-f44ef9fdcd6f,0,1,1,0,1,0,0,0,0,1,1,1,1,0,1,0
6cdc88ad-aa3b-49cb-afbd-36e0d88bfed7,1,0,1,0,1,0,0,0,0,0,0,1,1,0,1,0
6ce1ee80-5536-4c85-a0f8-ee84ac117f04,0,0,1,0,0,0,0,0,0,0,1,1,1,1,1,1
6d254285-1cd1-4fd4-bce8-7d4b6eb3d390,0,0,0,0,0,0,0,0,0,0,0,0,0,0,0,0
6d611c37-e268-4ba7-b44b-cba9bb70da3e,1,1,1,0,0,0,0,0,1,1,1,0,1,0,0,1
6daef4ac-dac9-46e6-b854-0df7245ed861,0,1,1,0,1,0,0,0,0,0,0,0,0,1,0,1
6e13d5df-b021-488f-9789-43d989563deb,0,0,0,0,0,0,0,0,0,0,0,0,0,0,0,0
6e271b9a-ca3a-498a-93e9-536447163c83,0,1,1,0,0,0,1,1,0,0,0,1,0,0,0,1
6e969d24-01f3-4d74-a63b-b8e0384412a0,0,0,1,0,1,0,0,1,0,0,0,1,0,1,1,0
6eeef464-ccb9-4764-83ab-e72cad6cab0d,0,0,1,1,1,0,1,1,0,0,1,1,1,0,0,0
6f5daa5e-2046-4a1c-94ff-1e67b083c576,0,0,0,0,1,0,0,1,0,0,1,1,1,1,0,0
70054df3-12d3-45e1-bd4c-ff88291b3e0c,0,1,1,1,1,1,0,1,0,0,0,0,0,0,1,1
703f9916-9f0c-4b77-9ce1-1dca25b3b695,1,1,1,0,0,0,0,0,0,0,0,0,1,1,1,0
708b1019-69bf-4618-a8f2-912ca447279a,0,0,0,0,1,0,0,0,0,0,0,0,1,0,1,1
70b23f7a-4759-4c36-91a5-2920cf951b6d,0,1,1,0,0,0,0,0,0,0,0,1,0,1,1,1
711b8218-f56b-4e2f-9d38-1e8b15d3bba0,1,0,0,0,0,0,0,0,0,0,1,0,0,0,0,1
713fb2b0-af5e-422e-83ed-43dbcea18dcc,0,1,1,0,1,0,1,0,0,0,0,1,0,1,1,0
71afa87d-c092-4d4f-b14f-1c44d54bfc31,0,1,0,0,1,0,1,1,0,0,0,0,0,0,0,1
7229f4be-40b6-40f3-9b8a-82c5b4427ce7,0,0,0,0,0,0,1,0,0,0,0,0,0,1,0,0
724e7c09-f644-46df-8d08-86670a9f2be8,0,1,1,0,0,0,1,0,0,1,0,1,0,1,0,0
7268146e-c1fe-40a7-bc05-888eb8f10f3c,1,1,0,1,0,1,0,0,0,0,1,0,1,1,1,0
730b4928-57b6-4910-8d71-22c37a0728ad,0,0,0,0,0,0,0,0,0,0,0,0,0,0,0,0
73ad6bd7-ab12-49b3-9305-40d03925252e,1,1,0,0,0,0,1,1,0,0,0,1,1,1,1,0
73fb6b87-248d-4a4d-8366-afa245ce41df,0,0,1,0,0,0,1,0,0,0,1,0,1,0,0,1
74313d76-5117-41cf-b81c-737b22e96c29,1,0,0,0,0,0,1,1,0,0,0,1,0,0,0,0
7497de43-5426-4bd3-bf8b-99eaa08679f4,0,0,1,0,0,0,0,1,0,0,1,1,1,0,1,0
74c271f2-3fb0-4568-bcf4-fdaf02a45491,1,0,1,1,0,1,0,0,1,1,0,1,0,0,0,0
74f0d11c-3d89-4feb-8d8e-ce3bc9248be7,0,0,0,0,1,0,0,0,1,0,0,0,0,0,0,1
75a30b2d-d454-41a9-ad9f-4ac0497e40f2,0,0,0,0,0,0,0,0,0,0,0,0,0,0,0,1
75e8217b-792e-48bc-91e4-c296b62b60f4,0,0,0,0,0,0,0,0,0,0,1,0,1,0,0,0
76a3f4cb-3d04-4329-8b52-96205ff04688,0,1,1,0,0,0,0,0,0,0,1,0,1,1,0,1
773508e7-f381-4378-9191-c9edb5576113,1,1,1,0,0,0,1,1,0,0,0,1,0,0,0,1
78be35fd-24d9-4b2c-96c5-6237b614b3d2,0,0,1,0,1,0,1,1,0,0,0,0,0,1,0,0
7a3ad5b9-94e9-4806-8d8d-dc0c0cb67756,0,0,0,0,0,0,0,0,0,0,0,0,0,0,0,0
7a55e750-bef7-4995-8e02-071d3aee7902,0,0,1,0,1,1,1,0,0,0,0,0,0,0,0,1
7aa1933b-2f85-4057-a20e-8513f4b61817,0,1,1,1,0,1,0,1,0,0,1,1,1,0,0,0
7ac54cd4-6667-4625-ac9f-ae86213ac2f5,0,0,0,0,0,0,0,1,0,0,0,0,1,0,0,0
7aee8ad6-e206-4159-b605-fe4dfd7b34f3,0,1,1,1,1,1,0,0,0,0,0,1,1,0,1,0
7b377607-1d6b-4fe2-8c57-489b7038c8f9,0,0,0,0,0,0,0,0,0,0,0,0,0,1,0,0
7bf1fc91-9e36-4d68-8f24-a2660cf4f542,0,1,0,0,0,1,0,1,0,0,1,1,1,0,1,0
7c0ff178-beed-4bf5-9555-9d15fff83674,0,0,0,0,0,0,0,0,0,0,0,0,0,0,0,0
7cd0ae70-fc0a-4aef-8a5c-38e4fd4d4ee7,0,0,0,0,1,0,0,0,0,0,0,0,0,0,0,0
7cf76e6e-9cfd-4bf4-b166-05f6f84ea451,0,0,0,1,0,0,0,0,0,0,0,1,0,1,0,1
7d206228-3b20-451a-bfce-f0e88e0f5858,0,0,0,0,0,0,1,0,0,0,0,1,0,0,0,0
7db5333f-f198-4797-a1c0-8324c89e2a96,0,0,0,0,0,0,0,0,0,0,1,0,1,0,1,1
7e339f14-e1f2-49f3-a0bb-9c5c2205a119,1,1,1,0,0,0,0,1,0,1,1,0,1,0,1,0
7f2cb344-48d5-46a7-9a57-07d47841e832,0,0,1,0,0,0,0,0,0,1,0,0,0,0,0,0
7fd65d69-278d-4b52-b6fd-66c718532791,0,0,0,0,1,0,1,1,0,0,0,1,1,0,0,1
7fdc5859-2bab-4611-8db5-236691f276cf,0,1,0,1,1,1,1,1,0,0,0,0,0,0,1,0
8029514b-0c0b-45a6-a585-477e3710fa83,0,0,1,1,0,1,1,1,0,0,1,1,1,0,0,0
8045c640-1c6f-417e-a386-a2d920f946c1,0,0,1,0,0,0,1,0,0,0,0,1,0,0,0,1
8077d7fc-2e67-4b78-984a-ace9415e47a5,0,0,0,0,1,0,0,1,1,1,0,0,0,0,0,0
813f9d27-0212-46c4-aedd-f80f83706a8a,0,1,1,0,0,0,1,1,0,0,0,1,0,0,1,0
816cbde8-d50b-4717-9ec1-1c5e953c57d5,0,0,1,0,0,0,1,0,0,0,1,0,1,1,1,1
81d7f2f0-d88b-41cb-ab34-95086e1f91f9,0,1,0,1,1,1,0,0,0,0,1,1,1,0,1,0
82026ba5-7cbf-4b87-9942-d1f0eb53727e,0,0,0,0,0,0,1,0,0,0,0,0,0,0,0,1
823852c7-d489-4384-b4fd-8d7f5e7fa77f,0,1,1,0,1,0,1,1,0,0,1,0,0,1,0,0
82b57861-7a06-4325-904a-5ee02f58e1f7,0,0,0,0,0,0,1,1,1,0,0,0,0,0,0,0
840deaa5-207c-42dd-b4c5-a28bde53bd38,0,1,1,0,1,0,1,0,0,0,0,1,0,1,1,0
84fb7ca9-a1c1-44b7-8511-447331e7d221,0,0,1,0,0,0,0,0,0,0,0,0,0,0,0,0
855f5a4f-e11d-4b59-ba01-10089c99b2d7,0,1,1,1,0,1,0,1,0,0,0,1,1,0,1,0
85a23440-3293-4551-8681-aa3974230926,0,0,0,0,1,0,1,1,0,0,1,1,1,0,0,1
85e3e774-6f2a-4e14-823c-0e7ae76980a8,0,0,1,0,1,0,1,1,0,0,0,1,0,1,1,1
862a7303-7036-4e1f-95df-b82a8c06baee,0,1,1,1,0,1,1,0,0,0,0,1,0,1,0,0
86a833d5-80fe-4ad9-becc-b4c54354c675,1,0,1,0,1,0,1,0,0,0,1,1,0,0,1,0
8723ce6a-cb11-41fd-b75e-642a5cb4cec2,0,1,1,0,0,0,0,1,0,0,1,0,1,1,1,1
87671d52-8736-42f0-af42-977cd1fb4d85,0,1,1,0,0,1,1,1,0,0,1,0,1,1,0,0
87883076-326a-4730-965d-8b1457218692,1,0,1,0,0,0,0,1,0,0,1,1,1,0,0,0
87913190-f685-458b-8ae0-33a19ffbbaec,0,1,1,0,1,0,1,1,0,0,0,1,0,1,0,1
87f0da1a-12d6-4ff8-b245-f9905293cab9,0,0,0,1,1,1,0,0,0,0,0,1,0,1,0,0
885141bc-a21e-466a-b9a8-9db2591b57b0,0,0,1,0,1,1,1,0,0,0,0,0,0,1,1,0
886ea152-2bdc-4ddb-8252-6fa39f7b2328,0,1,1,0,0,0,1,0,0,0,1,1,1,0,0,0
88af350b-bec7-4cc3-ad6f-a6c8d0e40de8,0,0,0,1,0,0,1,1,0,1,1,1,0,0,1,0
88d47264-c5e0-441d-849c-2b45027b4772,0,0,0,1,1,0,0,0,0,0,1,1,1,0,0,1
88f8495a-35f2-4990-a516-038dce4d7053,0,0,1,0,0,1,1,0,1,0,1,1,1,0,0,1
89151e17-791d-49be-92bd-9e042161e8d6,1,0,1,0,0,0,1,0,0,0,1,1,1,0,0,0
8923ed3a-fb7b-4477-9b55-f3e2c542964e,0,0,0,0,0,0,0,0,0,0,0,0,0,0,0,0
89bae3f4-990e-4799-9175-4d5c42f8e2ce,1,0,0,0,0,0,0,1,0,0,1,1,1,1,1,0
89cb9c6a-1436-4dab-acf6-c9f2fdc1382e,0,1,1,0,0,0,0,1,0,0,0,0,0,1,0,0
8a1a8a33-238c-41e0-97a6-f59ab8de15d4,1,0,0,1,1,1,0,0,0,0,0,0,0,0,0,0
8a5904a7-2326-4b36-8db8-cbe6de7251fd,1,1,1,0,0,1,1,0,0,0,0,1,0,1,0,0
8aa8c489-9c67-4d30-bc96-b2bc3f1bda0a,0,0,1,0,0,1,1,0,0,0,1,0,1,0,0,1
8aaf8996-3d99-4999-9d81-7f11f2f348b4,0,0,1,0,1,0,1,1,0,0,1,1,1,0,0,0
8b168523-8541-4601-9fc7-0f7c5ef0c5a1,0,0,1,1,1,1,0,0,0,0,1,0,1,0,1,1
8bb66680-86b5-42f4-8684-6d27b226a6f5,0,0,0,0,0,0,0,0,0,0,0,1,0,1,0,1
8d87bb86-8b47-4c78-add1-07711802153d,1,0,0,0,0,0,0,0,0,1,0,1,0,1,1,1
8dc5d1d7-1a8f-4aeb-a24d-f68f9ec4c166,0,0,1,0,1,0,0,0,0,0,0,1,1,0,1,1
8dd5d139-c476-4310-85b8-f89f664634d9,0,0,1,0,1,0,0,0,0,0,0,0,0,0,0,1
8de52f6d-d3bb-484d-b559-6f4c01ccf1a4,1,0,1,0,0,0,0,0,0,0,1,0,1,0,1,0
8e1f6649-cf9a-4c57-8d2a-33eec4ef521c,0,0,0,0,0,0,0,0,0,0,0,0,0,0,1,0
8e397169-09dd-4436-9654-eb0cca6ad8ba,0,0,0,0,0,0,1,0,0,0,1,1,1,0,0,0
8eae58b6-9954-4c54-90d2-7ca84867fb6d,0,0,0,0,0,0,0,1,0,0,1,1,1,0,0,0
8f3cf966-6808-47b5-b405-4dd6eab03fb9,1,1,1,0,1,0,0,0,1,0,1,1,0,1,0,0
8f6d7ff1-e41d-41a3-9baf-2c05265eabc5,0,0,1,1,0,1,0,1,0,0,1,1,1,0,0,1
8ff6e071-2d89-41c5-b165-3c6c0761ca77,0,1,1,1,1,1,1,0,0,0,0,1,0,0,1,0
9074c61c-f2ef-4da8-81b8-bd30f821dd9e,0,0,1,0,1,0,1,1,0,0,0,1,0,0,1,0
90f14d86-4d9e-4553-923a-ddc62f6c7fa3,0,0,0,0,1,0,0,0,0,0,0,0,0,0,0,0
91c69c09-e359-4954-8daa-3f8e4f23ebe6,0,0,0,0,1,0,0,1,0,0,0,1,0,1,0,1
9216a6f9-6b90-4e18-8195-eea5731176e6,0,1,0,1,0,1,0,0,0,0,1,0,1,0,1,0
92cec644-8ad8-42f0-8ab6-ea836bd27090,0,0,1,1,1,1,1,0,0,0,0,1,0,0,0,1
92ee7d5e-f379-4a89-a3aa-cb0013c062f9,1,1,0,1,1,1,0,0,0,0,0,1,0,1,1,0
932ab3a7-ed6a-4636-aa0a-d3f2f096b388,0,0,0,0,0,0,0,0,0,1,0,0,0,1,0,0
93564bce-2335-4e5a-b460-ecb94b9421f5,0,1,1,0,0,0,1,1,0,1,1,1,0,0,1,0
93619864-7b4b-4f14-84df-67b5175d3545,0,1,1,0,1,0,0,0,0,0,0,0,0,0,1,0
93dc0124-747a-4c61-b302-d6378408ab4a,0,0,0,1,1,1,1,1,0,1,0,1,0,0,0,1
93e7318c-422b-4420-81be-362a90c048e9,0,0,1,1,0,1,0,1,0,1,0,1,0,1,1,0
9441f90b-fece-4684-9fcd-c957e2070860,0,0,1,0,0,0,1,1,0,0,1,1,1,0,1,0
9513f774-aada-484c-a1a3-73ce79f01160,0,0,1,0,0,0,0,0,0,0,0,0,0,0,0,1
96899abf-3195-4584-a405-c4dc03060055,0,0,1,0,0,0,0,1,0,0,1,0,1,0,1,0
96b9448e-8af7-43b3-b7d3-dd78b4688659,1,0,1,1,0,1,1,0,0,0,0,0,1,0,1,0
96de9550-51d5-4f07-a978-fd1385a6ce0a,0,1,1,0,0,0,0,1,0,0,0,1,0,0,0,1
981b1d8f-51dc-42aa-855e-8a6da195f323,0,0,1,0,0,0,1,0,0,0,1,0,1,0,0,1
99332e0e-01c3-4ceb-b2b6-55d146976f9b,0,1,0,1,0,1,1,0,0,0,0,0,0,1,0,0
99d5c49f-5536-4e1e-803b-b86efb6e6302,1,0,0,1,1,0,1,1,0,0,0,1,0,1,1,0
9a252c01-541b-4bab-b264-38611597735c,0,0,0,0,0,0,0,0,0,0,0,1,0,1,1,1
9b053502-3c71-4ec7-b09f-7a4d86e6ebbf,0,0,0,1,0,1,0,0,0,0,1,1,1,0,0,1
9b2420f4-c335-4689-91e1-d9ae1af33072,0,0,1,0,0,0,0,1,0,0,0,1,0,0,1,0
9b62ae85-16e7-4648-9394-d6f3337a192b,0,0,1,0,0,1,0,1,0,1,1,1,0,0,1,1
9b6347ca-87fa-4df6-9bf9-505c4d866c0f,0,0,0,0,0,0,1,0,0,0,0,1,0,0,1,0
9cade58c-4477-4a83-bfc1-2f54f0f4f870,1,0,0,0,0,0,0,1,1,0,1,1,1,1,1,0
9d091d52-dfb1-4b78-b331-c4b66b7ddfeb,1,0,1,0,0,0,0,1,0,0,1,0,0,0,0,0
9d53af2d-7568-4294-b417-d6a8c8851c06,0,0,0,0,0,0,0,0,0,0,1,0,1,0,1,0
9ddb8120-fcf7-46fd-a551-d179edf113c0,0,0,1,0,0,0,0,1,0,0,0,0,0,0,0,1
9e416fcd-f970-42d3-97c4-b79b71142921,0,1,1,1,1,1,0,0,0,0,0,0,0,0,1,1
9e52d414-35e7-4d5e-a036-8aca4e267f9c,0,1,0,0,1,0,1,0,0,0,0,0,0,1,0,1
9f29a887-bb0c-4248-9307-742610d78e70,0,1,0,1,1,1,0,0,1,0,0,1,0,1,0,0
9fcd3196-fecd-4619-83c9-abd081c3322a,0,0,0,0,0,0,0,0,0,0,0,0,0,0,0,0
a03a369f-6944-4b12-9d6a-03809ca3dd9a,0,0,0,0,0,0,0,0,0,0,0,0,0,0,0,0
a0744d17-e09a-4799-b5a4-4a4d31ad91c1,0,1,0,1,0,1,0,1,0,0,0,0,0,1,1,0
a0c723da-bfe6-4283-938c-d6159f489056,1,1,1,0,0,0,0,1,0,1,0,0,0,1,1,0
a10737a0-6517-410e-a330-e81afa734c53,0,1,0,0,0,1,0,1,0,0,1,0,1,0,1,1
a11e6d51-a48b-4127-8d74-84b28a16a31c,0,0,1,0,1,0,0,1,0,0,1,1,1,0,0,0
a19c5594-f30d-42a0-9fe7-62a7ce05aeb6,0,1,0,0,1,0,0,1,0,0,0,0,0,1,0,0
a25e21b3-9359-48c4-94b4-0141bb85a5a1,0,0,0,0,0,0,0,0,0,0,0,0,0,0,0,0
a296afa6-e50d-4649-bba6-ff63ed4b7857,0,0,0,0,1,0,1,1,0,0,0,1,1,0,0,1
a30a4ec3-91fd-4e20-987f-7dabfda9a4a6,0,0,1,0,0,0,0,1,0,0,0,1,0,0,1,0
a34126de-0ad9-4df6-b738-768c3c297f28,0,1,0,0,1,1,0,0,1,1,0,0,1,1,0,1
a3ccaac2-d662-4051-b376-74687d117764,0,0,1,0,1,0,0,0,0,0,0,1,0,1,0,1
a3e73eab-394e-4739-b931-1c2fcc9d5b30,0,0,0,0,1,0,0,0,0,0,1,0,1,0,0,0
a44d2f18-de1b-43b8-8392-134c3cb29ca0,1,0,0,0,0,0,1,0,1,0,1,1,1,0,0,0
a4c98f9b-804d-4cd7-83c9-022b9129fe22,0,0,1,0,0,0,0,0,0,0,1,1,1,0,0,1
a4cb1820-856f-4567-8dfa-f53046b2c3db,0,0,1,0,1,0,1,0,1,0,0,0,0,0,0,0
a4fc28cd-91f2-40fc-abf0-92c7cb9e7f39,0,1,0,0,0,0,0,0,0,0,1,1,1,0,0,0
a5b2eed6-9aca-44e5-b972-f79e795359e7,1,0,0,0,1,0,0,1,0,1,1,1,1,1,0,0
a5f5cccd-ca76-4b43-99c6-a3ff236ff0ee,0,1,1,1,0,1,0,1,0,0,0,1,0,0,0,0
a668caaf-b149-4445-86e0-b619355381dc,0,0,0,0,0,0,0,0,0,0,0,0,0,0,0,0
a672f1cc-eb99-40f2-a732-7a5ba3043d10,0,1,1,0,1,0,1,0,0,0,0,1,0,1,1,0
a6dfdb10-1fe0-48b8-af7b-fb00c27217cd,0,1,1,0,1,0,0,0,0,0,0,1,0,0,0,1
a7e18661-41d0-4fe8-b9bc-1fba28f92727,0,0,0,0,0,0,0,0,0,0,0,0,0,0,0,0
a845315a-3525-4ace-9d00-0cbd4575110d,0,0,1,0,0,0,0,0,0,0,0,0,0,1,0,0
a8a6fdea-bbf4-4dcd-bf98-ab1c83db0aa7,0,1,0,0,0,0,1,0,0,0,0,1,0,0,1,1
aa707fdf-31ff-49a1-9afe-69342317e231,0,0,1,0,1,0,1,1,0,0,1,0,1,0,0,0
aab9dd3f-1ec4-4966-9890-a0f6374bd761,0,0,0,1,1,1,1,1,0,0,1,1,0,0,0,1
ab493c6d-4e08-4dbe-8004-67582db8a625,0,0,0,1,0,1,0,0,0,0,1,1,1,0,1,0
ab637ad9-ff30-4980-9e81-b05e5617d73e,0,0,0,1,0,1,1,1,0,0,1,0,1,0,1,1
ab76331b-7802-4fc8-a11d-902de7a3e3a7,0,0,0,1,0,1,1,1,0,0,1,1,1,0,1,0
ac5cb459-976d-450b-bada-960e22b5967c,0,0,1,0,1,0,0,0,1,0,1,1,1,0,0,0
ac7f8633-33f5-4bf5-b944-45c8f161fcef,0,0,1,1,1,1,0,0,0,0,0,1,0,1,1,1
acdb50ea-6d05-469c-99cc-772d6c6463ed,0,0,1,0,0,0,0,0,0,0,1,0,1,0,1,0
ad6ca297-b1e2-44c6-9122-3ed332386abc,1,1,1,0,1,0,0,1,0,0,0,1,0,1,1,0
aedd4f53-d73a-45a8-878f-1cf0cc86b7a0,1,0,0,1,1,1,1,1,0,1,0,1,0,0,0,0
b020d8fb-7fc5-4528-8cdf-c924851218bb,0,0,0,1,1,1,0,0,0,0,0,0,1,1,0,0
b04b687a-653e-409e-b21f-50d9eb5e9458,0,0,1,0,0,0,0,1,0,0,1,0,1,1,0,0
b0535327-86d5-45f5-b3f8-89728fcfce2f,0,1,0,0,1,0,1,0,1,0,1,1,1,0,1,0
b055b358-a49e-450b-bd65-6f5e0161c652,0,0,0,0,0,0,0,0,0,0,0,0,0,0,0,1
b078221b-4e5e-4a79-a48a-dda8e8adc94b,0,0,1,0,0,0,1,0,0,0,1,1,1,1,1,1
b20ab06f-7e6a-464e-8721-a8f7a3687628,0,0,0,0,0,0,0,0,0,0,0,0,0,0,0,0
b2820bbd-a862-4231-b4f7-5ff2947fdc0c,0,0,0,0,1,0,0,1,0,0,0,0,0,0,1,0
b28af880-e671-40e3-b878-127abb7482e9,1,0,0,0,1,0,0,1,0,0,1,1,1,1,0,0
b3008295-1696-4401-b5bd-db85dfac0978,0,1,0,0,1,0,1,1,0,0,0,1,0,1,0,1
b33d26a7-30c5-467e-84c3-402cb2b45dd8,0,0,0,0,0,0,0,0,0,0,0,0,0,1,0,0
b3c36c72-dc1d-48b0-8008-69c4c7106def,0,0,0,0,0,0,0,0,0,0,1,0,1,0,1,0
b54a41c1-ae0f-4455-8f0b-3080a6c9666d,0,1,0,0,0,0,1,1,0,0,0,1,0,1,0,0
b624c992-75dd-4d7b-9997-010034c5747b,1,0,1,0,1,1,0,1,0,0,0,0,1,0,1,1
b7c0fdd9-56d8-467a-9fe5-9602d9d72525,0,1,1,0,0,1,0,0,0,0,1,0,1,0,1,1
b84c16ad-5a51-42b9-b813-ca18534113ea,1,1,0,0,1,1,1,0,0,1,0,1,0,0,0,0
b85d81a9-080f-4c8e-8b94-e083fce88dcc,0,1,0,0,0,0,1,0,0,0,0,0,0,0,0,0
b951ff25-cb93-42f0-b0c5-97e360aaa3d7,0,1,0,0,1,0,0,0,0,0,0,1,0,1,1,0
b9669d33-f646-45dd-9b67-cd2d1e39de42,0,0,0,0,0,0,0,0,0,0,0,0,0,0,0,0
b98d244a-f067-49ea-9a46-c43603cac842,0,0,1,0,1,0,1,0,0,0,1,1,1,1,0,0
b99ed489-73c9-4de1-bb07-a2940cfb383b,0,0,0,0,0,0,0,0,0,0,1,0,1,1,0,0
b9a0bd24-66fe-4464-b948-f36532ebb2ed,0,1,1,0,1,0,0,1,0,0,1,1,1,0,1,0
b9e0855e-75fb-41d8-934b-04345122f19e,0,1,1,0,0,0,1,1,0,0,0,1,0,1,1,1
b9f47bda-3ac4-4c33-8565-9c8adf9e08bc,0,0,1,0,0,0,1,0,0,0,1,1,0,1,0,1
ba391d47-a724-4830-b1cb-3925e32c00dc,0,0,1,0,0,0,1,1,0,0,1,0,1,0,1,0
ba6648e4-075d-4a3e-a9ed-b5c9447d45f6,0,0,1,0,1,0,0,1,0,0,0,1,0,0,1,0
baa7969c-86ae-4757-9b36-c545ed27c54b,1,0,0,0,1,0,0,0,0,0,1,0,1,0,0,0
bae83a57-18e1-4d2f-83d4-82ed5453af83,0,0,1,1,1,1,0,0,0,0,1,0,1,0,1,0
bc1b7f0a-4fd7-426c-bf9e-4aa09235a9ce,0,1,0,0,0,0,0,0,0,0,0,1,0,0,1,0
bc579356-1d6b-4b5e-b2e3-0c8bfc42c7a2,0,0,0,0,0,0,0,0,0,0,0,0,0,0,0,0
bcea630e-af21-458b-bff8-b37110c05839,0,0,1,1,1,1,0,0,1,1,0,0,0,0,0,0
bd4541be-3c5d-4528-a8df-bd4a9ed11fff,0,0,1,1,1,1,1,0,0,0,0,1,0,1,0,1
bde168b1-3082-478e-af03-e12b5677ac5a,0,1,1,0,0,0,0,1,0,0,0,0,0,1,1,0
be692d57-21ce-448d-907b-6a0ebaaade6f,0,0,0,0,1,0,0,0,0,0,0,0,0,0,0,0
be7896d9-fb35-4564-a9d4-1244ace0f569,0,0,1,1,1,1,1,0,0,0,0,1,0,1,0,1
bf951ba4-5b74-46e9-8324-fcdcb3387601,0,1,0,1,1,0,0,0,1,0,1,0,0,1,1,1
c120cae8-08d1-49ea-b22d-b69376cd0772,1,0,0,0,0,0,1,1,0,0,1,1,1,1,1,0
c155c9ec-82bf-4b37-b022-1c51de2c6bb9,0,1,0,1,0,1,0,0,1,0,0,1,0,1,1,1
c17f4ec6-2ed1-4737-b663-5611d5ca702a,0,0,0,1,1,1,0,1,0,0,0,0,1,1,1,0
c1e8030d-6859-4629-8416-33ce89b01e31,1,0,0,1,0,1,0,0,0,0,1,0,1,1,1,0
c2251e58-7bf2-4959-b81e-51671880fc22,0,0,1,1,1,1,0,1,0,0,1,0,1,0,0,0
c2843de4-07d6-45b7-8bac-8bb759efcb94,1,1,1,0,1,1,0,1,0,0,0,0,0,1,0,0
c2bcc13f-a8f7-49fc-b940-186afc21df72,0,0,0,0,0,0,0,0,0,0,0,0,0,0,0,1
c3f540d3-7d4f-4e17-a281-75bc281e1c86,0,1,0,1,0,1,1,0,0,0,0,1,0,1,0,0
c3fb67da-4e88-4dc9-a72d-89a5830c2403,1,1,1,0,0,0,0,1,1,0,0,1,0,0,0,0
c48d82a1-1277-49a7-931e-e2e40d8932f0,0,0,0,0,0,0,0,0,0,0,0,0,0,0,0,0
c4b0d9b8-1e02-4c9f-8340-b443fe326d56,1,0,0,0,0,0,0,0,1,0,0,0,0,0,0,0
c51244b5-9ae7-4016-b97d-a23f85497a87,0,0,1,0,0,0,1,0,0,1,0,1,0,1,0,1
c58be0f7-96e6-4329-b5ef-4928b4197a42,1,0,1,1,1,1,0,0,0,0,1,0,1,0,0,1
c58de5de-8b0b-440d-ab83-0366c74838ec,0,1,0,0,0,0,1,1,0,0,1,0,1,0,1,0
c5e650e7-83fd-4c51-a7b5-b326d907e7c2,0,1,0,0,0,0,1,1,0,1,0,1,0,1,0,1
c5ec3282-addf-4973-bbdb-ecef5ec8232b,1,1,0,1,0,1,1,0,0,0,1,0,1,0,0,0
c6941d93-5028-45c2-846c-ba90bfc27197,0,0,1,1,1,1,0,0,0,0,0,1,0,0,1,0
c6ff082d-90da-48e1-80b5-a977d2e3a448,0,0,0,0,0,0,0,0,0,0,0,0,0,0,0,0
c7202ea2-d0c4-4218-b772-cc71810d8311,0,0,1,0,1,0,0,0,0,1,1,1,0,0,0,1
c735ebed-1ab9-47cf-a5bf-18c718d3b308,0,1,1,0,1,0,0,0,0,0,1,0,1,0,1,1
c7be1bb5-7752-434d-b421-42b48da42bb0,0,1,1,0,0,0,0,0,0,0,1,1,1,0,0,1
c7e32dbc-33e0-4289-bc38-58c06a2fdfaa,0,1,0,0,1,0,1,1,0,0,1,0,1,1,1,0
c8f4e7f4-5e9f-49ba-8569-8a7ea7c96172,0,0,0,1,1,1,0,1,0,0,0,1,0,1,1,0
c94a8f9a-615e-4c07-8983-d9e39bb42aa0,0,0,1,0,1,0,1,0,0,0,1,1,1,1,1,0
c9c24eaa-b28a-42a1-9e13-e5a55d90cdc6,0,0,1,0,0,0,1,0,1,1,1,1,0,1,1,0
c9e262d0-b23f-4a13-a5fe-4ff5ca7207dd,0,1,0,0,0,0,1,1,0,0,0,1,0,1,1,1
ca2579b2-8be5-4f1f-858d-c482bdae59c7,0,1,1,0,0,0,0,0,0,1,1,0,0,0,1,1
ca5eb87c-0b3f-4a5b-a526-4eecd12d22d1,0,1,0,1,1,0,0,1,0,0,1,0,1,0,1,0
cabee5fa-1462-4d04-a217-03003030c535,1,0,1,0,0,0,1,0,0,0,1,0,1,0,1,1
cc00b05a-7e68-45c3-a4b8-4de213036140,0,0,1,0,0,0,0,0,0,0,0,0,0,0,0,0
cc49fb44-5f9b-4e68-858b-0c8916b76f08,0,0,0,0,0,0,0,0,0,0,0,0,0,0,0,0
cccf2eb3-13f4-4ee0-9d31-a50912674687,0,1,1,0,1,0,1,0,0,0,0,1,0,1,1,0
cccff4fb-c882-4d52-a7a9-ec46b1e0d93c,0,1,0,0,1,0,1,0,0,0,1,1,1,1,0,0
cd3d9030-c6bd-492b-bc9a-3b6f1c0190f7,0,0,1,0,1,0,1,1,0,0,1,1,1,0,1,0
cd580412-874b-47d9-b2f7-8ab008f695f1,0,0,0,0,0,0,0,0,0,0,0,0,0,0,1,0
cdd72c8c-5c41-4352-8257-6f99c470b99b,1,0,0,0,0,0,0,0,0,0,0,1,0,1,1,0
cdd7c033-b66b-4a6f-9708-0feb91bde7d7,0,0,1,0,0,0,1,1,0,0,0,0,0,1,1,0
ce67ba74-d4c5-483e-a565-4af5d4c3d1a7,0,0,0,0,0,0,0,0,0,0,1,0,1,0,0,0
cebaf8b7-de68-4c14-93b5-78e8701a16de,1,0,0,0,0,1,1,1,0,1,1,0,1,0,0,1
cf685a7a-d95a-4582-8e39-e018196d9a19,1,1,1,0,0,1,0,0,1,0,0,0,1,1,0,0
cf85b20c-cd43-463f-9ac7-5f609b5ebbdc,0,0,0,0,1,0,0,1,0,0,0,0,0,1,1,0
cfb3e19e-ed6b-4619-a239-a739e5eba011,0,1,1,0,1,0,0,0,0,1,0,1,0,1,1,0
d0137d01-c131-4896-a48e-cc245f9aa781,0,0,1,1,1,0,0,1,0,0,0,0,0,1,0,1
d084d722-b180-4f59-a788-aa516a213c90,0,1,0,0,1,0,1,0,0,0,1,0,1,1,0,1
d0c64e77-263b-4ff4-a053-385f8492b0d3,0,0,1,0,1,0,1,0,0,0,0,1,1,0,0,1
d102118c-150e-4b99-981b-e237346d2af9,0,0,1,0,0,0,0,1,0,0,1,1,1,0,0,1
d1213fcd-4f4e-41a0-81b2-c0f5e8882fc2,0,0,1,0,1,0,1,1,0,0,0,1,0,0,1,0
d2262839-cae8-4670-b591-64f8867e702a,0,0,0,0,0,0,1,0,0,0,0,1,1,1,1,0
d23db02f-160d-4ca3-9ec6-d60e3a59366b,1,0,1,0,0,0,1,0,0,0,1,1,1,1,0,0
d29f4dbc-75b6-4819-9847-328d3de1925f,0,0,1,1,1,1,0,0,0,0,0,1,0,1,0,0
d31ea0d2-5dbf-43ce-b18c-8ed5c8f6c4ed,0,0,1,1,0,1,1,0,0,0,0,0,0,0,0,0
d3396386-efc3-4c5c-bc37-c98c071709ad,0,0,1,1,0,1,1,0,1,0,1,0,1,0,1,0
d3c223c0-b905-44d5-87ea-d3faaddf31a3,0,0,0,0,1,0,1,0,0,0,1,1,0,1,0,0
d4fa42f8-ed1b-47c1-9910-f7ede7b64787,0,0,1,0,1,0,0,1,0,0,0,0,0,0,1,0
d5b046de-195e-4a90-9fb3-3adacb1f1411,0,1,0,0,0,0,1,1,0,0,0,1,0,1,1,0
d6074c11-8241-4fe1-a4d8-72eea3efd3bc,1,0,1,0,0,0,1,0,0,0,0,1,1,0,1,1
d67456ee-516d-489f-a679-82c7e38ddbeb,0,0,1,1,1,1,1,1,0,0,0,0,0,1,0,1
d682d133-0282-40e5-accb-96895e5cf98d,0,0,1,0,0,0,1,0,0,0,0,1,0,0,1,0
d68a17b7-df45-4a4b-8f57-69f0de11b722,0,0,0,0,0,0,0,0,0,0,1,0,1,0,0,0
d71cb9aa-3ec8-4697-8267-eac650e684cf,0,1,1,0,0,0,0,0,0,0,1,1,1,1,1,0
d894e82e-ae51-4c19-9b92-96099674df43,0,0,0,0,0,0,1,0,0,0,0,0,1,0,0,1
d96849c6-9238-43b7-b1d9-1465070595d3,0,0,0,0,0,0,0,0,0,0,1,0,1,0,1,0
d973a7ce-d2c8-4f55-a044-266107483831,0,1,0,0,0,0,1,0,0,0,1,1,1,1,0,1
da215552-2256-4c59-8510-aced66b4f751,0,0,0,0,1,0,1,0,0,0,1,1,1,0,0,1
da3f0b17-c548-4357-a9bf-f570ae5915f9,0,0,1,0,1,0,1,1,0,0,1,1,1,0,0,0
da8b8200-9579-4129-ae2c-6006c16acb34,0,0,0,0,0,0,0,0,0,0,0,0,0,0,0,0
da999b1f-b257-407d-8d28-94c7c59fb820,0,0,0,0,0,0,0,0,0,0,0,0,0,0,0,0
daca2b37-f690-450f-8815-0161174429d5,0,1,0,0,0,0,1,1,0,1,0,1,0,1,1,0
db0a4d8f-1d1c-4760-afca-12dea2b41bd3,0,0,1,0,0,0,0,1,0,0,0,1,0,1,1,1
db147afe-3381-4852-84a9-79b8a71b92e8,0,0,1,1,0,1,0,1,0,0,1,1,1,0,0,1
db7538c7-e2d5-417b-b16b-ea21681dd995,1,1,1,0,0,0,1,0,0,0,0,1,0,1,1,1
db7afd23-b0d3-42a2-b5fc-7ae27309507e,0,0,1,1,1,1,0,1,0,0,1,0,1,0,0,1
db85a228-409e-4528-af8f-af18db8d3f31,0,0,1,1,0,1,0,1,0,0,0,1,1,1,1,0
db9552fd-ac7a-40aa-bd73-26c5705ad09c,0,0,0,0,0,0,0,0,1,0,1,0,1,0,0,0
dbb2d21d-119d-4eb5-aa91-0a61791276d8,0,0,0,0,0,0,0,0,0,0,0,0,0,0,0,0
dc315591-470b-4012-9262-412f5c73c8c5,1,0,0,0,1,0,0,0,0,0,1,0,0,0,0,0
dcd35fad-bd03-434d-9aa2-007ede0903f8,0,1,0,0,1,0,0,0,0,0,0,1,0,0,0,0
de2223b5-7480-438d-b840-d3fc8f2623ff,1,0,1,0,0,0,1,0,1,0,0,1,0,0,0,1
dec05731-d9b1-43ec-bf69-b0d3b9f7db41,0,0,1,0,1,0,1,0,0,0,0,1,1,0,0,1
df2efb90-8c2f-4b64-ac0e-31adb4a9bccd,0,1,1,0,0,0,1,1,0,0,0,1,1,0,0,1
df3d287e-66c6-4dbe-a151-6e531af9e184,1,1,0,0,1,0,1,0,0,0,1,1,1,0,0,0
df8f7eb1-e626-45f1-bf3c-76145c661591,0,0,1,0,1,0,1,0,0,0,1,1,1,0,0,0
dffa0a2c-5502-4f31-9d6b-6672fd34c0ab,0,0,1,0,1,0,1,1,0,0,1,0,0,1,0,0
e0db140a-4242-4b59-a476-7d847978cf7e,0,0,1,0,0,0,0,0,0,0,0,0,0,0,0,0
e1a316ac-0cb1-4692-80f2-57cc70580950,0,1,1,0,1,0,1,0,0,0,0,1,0,0,0,0
e2400c26-8903-4807-bf76-bffc7c5ec646,1,0,0,0,0,0,1,1,0,1,1,0,1,1,1,0
e274dc49-79cb-4da7-8cc1-606bf4c12736,0,1,0,0,1,0,0,0,0,0,0,0,1,1,1,0
e2bcd759-333b-4ff5-a9b5-b648dee2030e,0,0,0,0,0,0,0,1,0,0,0,0,1,0,0,0
e4e25d2d-f1c8-4107-b6d7-db72e5379711,1,0,0,0,1,0,1,0,0,1,1,1,1,0,0,0
e50dea03-a3de-43f9-9d3d-c0fa0705b82f,0,0,0,1,1,1,1,1,0,0,0,1,1,0,0,1
e5b86326-9970-4321-8305-fdd70d7f7238,0,0,0,0,0,0,1,0,0,0,1,1,1,0,0,1
e7177da9-89e7-49d7-adc4-0bd6e8636ecc,0,0,0,1,1,0,0,0,0,0,0,1,0,1,1,0
e76fe23d-05cf-4408-8c44-47ea2e6c2daf,0,1,1,0,1,0,1,0,0,0,1,0,1,1,0,1
e787933d-7fe4-4cce-816c-9a22f7d04e21,0,0,0,0,0,0,0,0,0,0,1,0,1,0,0,0
e7a858da-470a-45e8-a00d-839c039d177b,0,1,0,0,0,0,0,0,1,1,1,1,1,0,1,0
e7aa1541-0c4a-4658-bb28-ebf6cba39dd0,0,1,0,0,1,0,1,1,0,0,0,1,1,0,1,1
e883ab36-47c7-442c-a87a-85344fcdb0c0,0,0,1,0,0,0,0,0,0,1,0,0,0,0,1,1
e8843745-34b2-45bd-8b96-74c209053382,0,0,1,0,0,0,0,0,0,0,1,0,1,0,0,0
e8f6c926-4731-4640-8549-a5915b47c1a3,0,0,0,0,0,0,1,0,0,0,0,0,0,0,0,0
e928662a-5ed0-4a4a-9548-43d358a73932,1,0,0,0,0,0,0,0,1,0,0,0,0,0,0,1
e945906c-cdeb-4acc-ab91-c927b7a159f4,0,0,1,0,0,0,1,0,0,0,1,1,1,1,1,1
e9738af8-727a-4955-94e4-43a4524bc624,0,1,0,0,0,0,1,0,0,0,0,1,0,1,0,0
e9ca7203-f109-43fa-80a9-fea613af493e,0,0,0,0,0,0,0,0,0,0,0,0,0,0,0,0
eaa6380b-859d-49d3-bb55-ba4fe5f5516a,0,0,1,1,1,1,0,0,0,0,0,0,0,0,1,0
eacb7b05-0ecb-4fbb-8f4b-06259f78c205,0,0,1,1,0,1,0,1,0,0,1,0,1,0,1,1
eadebe0f-0505-4016-9069-654b81f41032,0,0,0,0,0,0,0,0,0,0,0,0,0,0,0,0
eae8cdc5-0876-450d-a6bf-9cf0193bd22f,0,0,0,0,0,0,0,0,0,0,0,0,0,0,0,0
ebfbbf5d-e4ec-4971-a6ad-cb4fc5caf8c4,1,1,1,0,0,0,0,1,0,1,1,0,1,0,0,1
ec6df746-db31-42ec-a030-b67889d35a93,0,0,1,0,1,0,1,1,0,0,0,1,0,0,1,0
ec7164c1-937f-4e2f-aa51-8f095c899537,0,0,0,0,0,0,1,0,0,0,1,1,1,1,0,1
ecdab192-55d1-464b-803a-d2fe9f4b06fb,0,0,1,0,0,0,1,0,0,0,0,0,0,0,0,1
ed3913f3-dadf-4221-8e54-06f9e56c592f,0,0,0,0,0,0,0,0,0,0,0,0,0,0,0,0
ed4caea2-1fa1-49d1-a59e-d4ff7f2f5555,0,1,1,0,1,0,1,0,0,0,1,0,1,0,1,1
ed4e1304-f1f9-4a3b-b51a-ee70ee5067ac,0,0,0,0,0,0,0,0,0,0,0,0,0,0,0,0
edac605b-09cc-46d7-8cdf-59a4274e631c,0,0,0,0,1,0,0,0,0,0,0,0,0,1,0,0
ee9f25bd-fb27-4543-80c4-040755cd9d4f,0,0,0,1,0,1,0,1,0,0,1,1,1,0,0,1
ef004967-0dfb-4d71-81d1-ce74200f1819,0,0,0,0,1,0,0,0,0,0,1,1,0,0,0,0
ef46022b-a829-41ce-b8af-c54791d63221,0,1,1,0,1,0,1,1,0,0,0,1,0,1,0,1
ef4f88c3-8f65-4323-99c7-03b36e49ee4a,0,1,1,0,0,0,1,0,0,0,0,1,0,1,1,1
efec54d8-2d03-4559-b2f5-4093a135f26b,0,0,1,0,0,0,0,0,0,1,1,1,1,0,0,0
efecb9fe-8974-4bdf-9ec8-e20fd58276b0,0,0,0,0,0,0,0,0,0,0,0,0,0,0,1,0
f002f30e-2b61-4beb-8ef5-ed23e5ae5d3f,0,0,1,0,0,0,1,0,0,0,1,1,1,0,0,0
f073b0b3-4081-4360-8dbf-9e27bf8e6007,0,0,0,0,1,0,1,0,0,0,0,1,0,1,0,1
f1c5e1a6-3be2-4ddd-857d-8f492f3233d5,0,0,1,1,1,0,0,1,0,0,0,0,1,0,1,1
f3489cfa-8ad9-474e-b7e7-1308cebbbf0d,0,0,0,0,0,0,0,0,0,0,0,0,0,0,0,0
f34fc567-b61f-4ff2-b3d2-53d34cd71f15,0,0,0,1,1,1,1,0,0,0,1,1,1,1,0,0
f380551e-9217-4714-b9cb-d9570360601d,0,0,1,0,1,0,0,1,0,0,1,1,1,0,1,0
f3d28153-1324-496f-87b5-70b56116058e,0,1,1,0,0,0,1,0,0,0,1,1,1,0,1,0
f45af1d4-16df-43ad-9b5b-6d1f49e6d8c0,1,1,1,0,0,0,1,1,0,0,0,1,0,1,0,1
f5141495-293a-4201-bbf8-5cc7026aedb8,1,0,1,1,0,1,1,0,0,0,1,1,0,0,1,0
f5d0a6ac-752f-4fc8-9d43-3fcd5d8e61c4,0,1,1,0,0,0,0,1,0,0,0,1,0,0,0,1
f5ff79a6-b2e9-4967-8e1b-410355e92cb2,0,0,1,1,0,0,1,0,0,0,0,1,0,1,1,0
f639a9fb-4205-412d-b845-76b3e789899c,1,0,1,0,0,0,1,0,1,0,0,1,0,0,0,0
f640d217-ef76-4dc6-8437-799a91ed46ef,1,1,1,0,0,0,1,1,0,0,0,0,0,1,1,0
f673dfb6-1f21-416e-acb4-180c98286b00,0,0,0,0,1,0,0,0,1,0,1,0,1,0,0,0
f67b895e-4e89-4ade-ba00-c4a30fd65cb3,0,0,1,0,0,0,0,0,0,0,1,0,1,0,0,1
f6dde4e3-0fd8-4f06-9b60-eb8678b33341,0,0,0,0,0,0,0,0,0,0,0,0,0,0,0,0
f70ef1de-2479-4c23-ada2-49b04694d970,0,0,0,0,0,0,0,1,0,0,0,0,1,0,0,0
f711b49d-d359-402a-8770-883b5e3737df,0,0,0,0,0,0,0,0,0,0,1,1,1,0,0,0
f78820ac-fbe4-4891-a0ea-56562529c795,1,1,0,0,0,0,1,1,0,1,0,1,0,1,0,1
f79490b1-aeec-4327-9388-196b62d4ab80,0,1,1,0,0,0,1,0,0,0,1,1,1,1,0,0
f809aeb4-6a04-4638-aee6-a0930ca9d607,0,0,1,1,0,1,0,1,0,0,0,1,0,1,0,0
fa3cecd9-0c52-46c0-87f3-8fd6dc98f15a,1,0,0,0,0,0,1,1,0,0,0,0,0,1,1,0
faa90b66-a1ad-4e15-a3b3-a2e33f9012ec,0,0,0,0,0,0,1,0,0,0,0,1,0,0,0,0
faaaa17d-6c90-47ad-b21c-0307f395f0a7,0,0,1,0,1,0,1,0,0,0,0,0,0,1,0,0
fae5127f-db3f-47e3-a008-a73204edc57b,0,1,0,1,0,1,1,0,0,0,0,1,0,0,1,1
fb297002-4cf2-4e6e-a5ea-d2447d26dd9d,0,0,1,0,1,0,1,0,0,0,1,1,1,0,1,1
fbbd5388-e0f8-4d07-9b51-9043d1617636,0,1,0,0,0,0,1,0,0,0,0,1,0,1,0,1
fc8c4f76-c6ab-4162-abed-70ff1f4a0851,0,1,0,1,0,1,0,0,1,0,0,1,1,0,1,0
fc95ef1e-b55c-4bf0-ac43-cf2e6a19486a,0,0,0,0,0,0,0,0,0,0,0,0,0,0,0,0
fdcb84f7-4a98-4aec-b994-a1e6e5cd7b08,0,0,1,0,1,0,0,0,1,1,1,1,1,0,1,0
febd78db-1b83-4161-83e4-72d220a5c20b,1,0,1,1,0,1,0,1,0,0,0,1,1,0,1,0
